match_id,competition_id,season,home_team_id,away_team_id,home_elo,away_elo,elo_diff,home_form,away_form,form_diff,h2h_val,home_score,away_score,outcome
407,WC2026,2022,1,11,1500.0,1500.0,0.0,1.0,1.0,0.0,0.5,3,0,HOME_WIN
173,WC2026,2022,15,6,1500.0,1500.0,0.0,1.0,1.0,0.0,0.5,3,1,HOME_WIN
137,WC2026,2022,10,9,1500.0,1500.0,0.0,1.0,1.0,0.0,0.5,5,2,HOME_WIN
188,WC2026,2022,13,15,1500.0,1516.0,-16.0,1.0,3.0,-2.0,0.5,1,1,DRAW
6,WC2026,2022,9,12,1484.0,1500.0,-16.0,0.0,1.0,-1.0,0.5,2,2,DRAW
159,WC2026,2022,1,9,1516.0,1484.736306793522,31.26369320647791,3.0,0.5,2.5,0.5,1,0,HOME_WIN
323,WC2026,2022,8,12,1500.0,1499.263693206478,0.7363067935220897,1.0,1.0,0.0,0.5,4,3,HOME_WIN
38,WC2026,2022,4,13,1500.0,1500.736306793522,-0.7363067935220897,1.0,1.0,0.0,0.5,4,1,HOME_WIN
186,WC2026,2022,2,8,1500.0,1515.9660918698307,-15.966091869830734,1.0,3.0,-2.0,0.5,1,2,AWAY_WIN
47,WC2026,2022,14,5,1500.0,1500.0,0.0,1.0,1.0,0.0,0.5,0,3,AWAY_WIN
189,WC2026,2022,11,9,1484.0,1470.1721796717984,13.827820328201597,0.0,0.3333333333333333,-0.3333333333333333,0.5,1,2,AWAY_WIN
116,WC2026,2022,3,14,1500.0,1484.0,16.0,1.0,0.0,1.0,0.5,2,2,DRAW
376,WC2026,2022,5,9,1516.0,1486.808638313395,29.191361686604978,3.0,1.0,2.0,0.5,2,3,AWAY_WIN
7,WC2026,2022,13,8,1484.7023986633528,1531.231343303457,-46.5289446401041,0.5,3.0,-2.5,0.5,2,1,HOME_WIN
459,WC2026,2022,14,16,1484.736306793522,1500.0,-15.26369320647791,0.5,1.0,-0.5,0.5,0,1,AWAY_WIN
326,WC2026,2022,3,15,1499.263693206478,1515.263693206478,-16.0,1.0,2.0,-1.0,0.5,4,0,HOME_WIN
67,WC2026,2022,12,5,1483.2976013366472,1498.6588424971358,-15.36124116048859,0.5,1.5,-1.0,0.5,1,0,HOME_WIN
273,WC2026,2022,16,5,1515.2975328274754,1481.9518917898652,33.34564103761022,3.0,1.0,2.0,0.5,3,0,HOME_WIN
150,WC2026,2022,3,8,1516.0,1513.10132487308,2.8986751269198976,2.0,2.0,0.0,0.5,5,2,HOME_WIN
119,WC2026,2022,1,7,1530.5641271217237,1500.0,30.564127121723686,3.0,1.0,2.0,0.5,2,0,HOME_WIN
433,WC2026,2022,8,11,1497.2348106986626,1467.3635413584034,29.871269340259232,1.5,0.0,1.5,0.5,1,2,AWAY_WIN
452,WC2026,2022,10,1,1516.0,1545.1602167269057,-29.160216726905674,3.0,3.0,0.0,0.5,0,7,AWAY_WIN
134,WC2026,2022,10,2,1501.339733291274,1484.7347485663738,16.604984724900078,1.5,0.0,1.5,0.5,0,3,AWAY_WIN
112,WC2026,2022,4,9,1516.0339081301693,1504.1497958162593,11.884112313910009,3.0,1.4,1.6,0.5,4,0,HOME_WIN
84,WC2026,2022,12,7,1500.0045520439178,1485.403910394818,14.60064164909977,1.3333333333333333,0.0,1.3333333333333333,0.5,2,2,DRAW
271,WC2026,2022,15,6,1498.5273864129558,1484.0,14.52738641295582,1.3333333333333333,0.0,1.3333333333333333,1.0,3,2,HOME_WIN
158,WC2026,2022,7,15,1486.075899255949,1513.8587651591843,-27.782865903235233,0.5,1.75,-1.25,0.5,3,1,HOME_WIN
247,WC2026,2022,8,9,1479.8625674262819,1488.6968660731218,-8.834298646839898,1.2,1.4,-0.19999999999999996,0.5,1,0,HOME_WIN
318,WC2026,2022,1,9,1559.8204834356318,1472.2901192413156,87.53036419431623,3.0,1.2,1.8,1.0,3,2,HOME_WIN
183,WC2026,2022,3,13,1531.8665141744175,1502.8324170937296,29.034097080687843,2.3333333333333335,1.3333333333333333,1.0000000000000002,0.5,1,1,DRAW
46,WC2026,2022,15,1,1496.5820370813854,1571.8727312649614,-75.29069418357608,1.4,3.0,-1.6,0.5,3,2,HOME_WIN
136,WC2026,2022,3,14,1530.5325483609101,1469.4387739660467,61.09377439486343,2.0,0.3333333333333333,1.6666666666666667,0.5,2,1,HOME_WIN
259,WC2026,2022,13,14,1504.166382907237,1456.2236025574339,47.942780349803115,1.25,0.25,1.0,0.5,2,1,HOME_WIN
356,WC2026,2022,13,8,1517.9724438257967,1496.2693142580881,21.70312956770863,1.6,1.2,0.40000000000000013,1.0,1,1,DRAW
269,WC2026,2022,14,7,1442.4175416388741,1503.352627333748,-60.935085694873806,0.2,1.3333333333333333,-1.1333333333333333,0.5,1,1,DRAW
476,WC2026,2022,14,8,1445.1952831678925,1497.2674823375328,-52.07219916964027,0.4,0.8,-0.4,0.5,2,1,HOME_WIN
172,WC2026,2022,6,5,1468.6686212537716,1467.4828174948266,1.185803758944985,0.0,0.75,-0.75,0.5,3,2,HOME_WIN
371,WC2026,2022,9,1,1460.237871411986,1552.458741153395,-92.22086974140916,1.2,2.4,-1.2,0.0,2,3,AWAY_WIN
498,WC2026,2022,15,6,1515.9960271929517,1484.6140131846375,31.382014008314172,1.4,1.0,0.3999999999999999,1.0,0,1,AWAY_WIN
177,WC2026,2022,7,10,1500.5748858047295,1484.5756271794348,15.999258625294715,1.25,1.0,0.25,0.5,2,0,HOME_WIN
302,WC2026,2022,9,4,1448.3877936525869,1531.4868378733067,-83.09904422071986,0.6,3.0,-2.4,0.0,1,0,HOME_WIN
334,WC2026,2022,15,11,1498.5547494890295,1484.735784630784,13.818964858245408,1.2,1.0,0.19999999999999996,0.5,1,4,AWAY_WIN
296,WC2026,2022,11,5,1501.3718361078,1451.5374255639606,49.83441054383934,1.5,0.6,0.9,0.5,3,1,HOME_WIN
135,WC2026,2022,7,3,1515.838613080474,1543.747719769523,-27.90910668904894,1.6,2.2,-0.6000000000000001,0.5,0,0,DRAW
212,WC2026,2022,15,11,1481.9186980120137,1515.0924867586937,-33.173788746679975,1.2,1.8,-0.6000000000000001,0.0,3,0,HOME_WIN
100,WC2026,2022,7,15,1517.1211175764838,1499.4417817111573,17.679335865326493,1.8,1.2,0.6000000000000001,1.0,2,1,HOME_WIN
55,WC2026,2022,10,15,1469.3118999036903,1484.255243236537,-14.943343332846553,0.75,1.2,-0.44999999999999996,0.5,1,1,DRAW
248,WC2026,2022,8,1,1478.8872644074484,1564.308818912794,-85.42155450534574,0.8,2.4,-1.5999999999999999,0.5,2,3,AWAY_WIN
255,WC2026,2022,15,2,1483.5675008758867,1501.4988546782129,-17.931353802326157,0.8,1.5,-0.7,0.5,4,1,HOME_WIN
388,WC2026,2022,6,2,1502.0552908885597,1484.6738177261564,17.38147316240338,1.5,1.0,0.5,0.5,0,4,AWAY_WIN
485,WC2026,2022,8,16,1466.743678753002,1529.766607122514,-63.022928369511874,0.8,3.0,-2.2,0.5,4,3,HOME_WIN
239,WC2026,2022,3,7,1542.4652152735132,1532.3076560511042,10.157559222408963,2.2,2.2,0.0,0.5,4,2,HOME_WIN
165,WC2026,2022,7,13,1516.7752957120517,1516.974275746352,-0.19898003430034805,1.6,1.6,0.0,0.5,3,0,HOME_WIN
221,WC2026,2022,5,12,1437.8167749130669,1499.3325631827868,-61.515788269719906,0.0,1.25,-1.25,0.0,4,1,HOME_WIN
290,WC2026,2022,12,9,1480.528892874819,1468.143304796048,12.38558807877098,1.0,0.6,0.4,0.5,1,1,DRAW
409,WC2026,2022,7,10,1532.7844590802656,1469.9996422643405,62.78481681592507,2.0,0.8,1.2,1.0,2,0,HOME_WIN
153,WC2026,2022,2,12,1501.4735970306297,1479.9587569585206,21.51484007210911,1.5,1.0,0.5,0.5,3,1,HOME_WIN
59,WC2026,2022,13,8,1500.9651123781382,1485.6145727611604,15.350539616977812,1.6,1.4,0.20000000000000018,0.75,2,1,HOME_WIN
95,WC2026,2022,7,10,1545.9241787806723,1456.8599225639339,89.06425621673839,2.0,0.2,1.8,1.0,1,0,HOME_WIN
241,WC2026,2022,5,2,1456.6204452210347,1516.4840665467743,-59.86362132573959,0.6,1.8,-1.2000000000000002,0.5,0,1,AWAY_WIN
54,WC2026,2022,11,3,1497.56940305955,1557.9975756125657,-60.428172553015656,1.8,2.2,-0.40000000000000013,0.5,0,5,AWAY_WIN
253,WC2026,2022,1,8,1576.4524045672404,1470.3210316055931,106.13137296164723,2.4,0.8,1.5999999999999999,1.0,0,2,AWAY_WIN
237,WC2026,2022,9,12,1468.7134407123463,1464.9482874423759,3.7651532699703694,0.8,1.0,-0.19999999999999996,0.5,1,3,AWAY_WIN
413,WC2026,2022,8,3,1491.0620074095086,1571.2424804213133,-80.18047301180468,1.2,2.2,-1.0000000000000002,0.0,1,0,HOME_WIN
331,WC2026,2022,2,16,1529.7542060667174,1510.8957131143557,18.858492952361757,2.4,2.0,0.3999999999999999,0.5,3,1,HOME_WIN
470,WC2026,2022,5,4,1443.3503057010917,1511.7313267298457,-68.38102102875405,0.6,2.0,-1.4,0.5,1,1,DRAW
77,WC2026,2022,6,5,1485.2555115840864,1446.45932698099,38.796184603096435,1.2,0.8,0.3999999999999999,1.0,1,2,AWAY_WIN
431,WC2026,2022,9,10,1452.5400557839002,1444.8739401437758,7.666115640124417,0.8,0.2,0.6000000000000001,0.0,1,1,DRAW
82,WC2026,2022,15,9,1500.3925378279432,1452.187075393911,48.20546243403214,1.4,1.0,0.3999999999999999,0.5,0,2,AWAY_WIN
344,WC2026,2023,15,12,1482.186730471808,1481.121672370822,1.065058100986107,1.4,1.0,0.3999999999999999,0.5,0,1,AWAY_WIN
301,WC2026,2023,3,8,1551.6142175403008,1510.690270290521,40.92394724977976,2.0,1.8,0.19999999999999996,0.5,0,0,DRAW
75,WC2026,2023,2,4,1544.8865922652042,1508.6223054499474,36.26428681525681,2.4,1.75,0.6499999999999999,0.5,3,2,HOME_WIN
139,WC2026,2023,5,6,1464.2385683645696,1467.4762702005069,-3.237701835937287,1.4,1.2,0.19999999999999996,0.5,1,1,DRAW
278,WC2026,2023,4,2,1494.286299132702,1559.2225985824496,-64.9362994497476,1.4,3.0,-1.6,0.0,2,1,HOME_WIN
272,WC2026,2023,11,1,1484.3244982508024,1555.7114287633249,-71.38693051252244,1.8,1.8,0.0,0.0,4,2,HOME_WIN
28,WC2026,2023,6,8,1467.3271728367463,1512.5662199853514,-45.239047148605096,1.4,2.0,-0.6000000000000001,0.5,0,0,DRAW
292,WC2026,2023,3,13,1549.7382678454705,1516.2586535337055,33.47961431176509,1.6,1.6,0.0,0.5,2,1,HOME_WIN
360,WC2026,2023,14,15,1463.575501097977,1466.1376828873144,-2.562181789337501,0.8,0.8,0.0,0.5,0,1,AWAY_WIN
124,WC2026,2023,7,12,1557.9101612008303,1497.1707199553155,60.739441245514854,2.4,1.4,1.0,0.5,2,1,HOME_WIN
309,WC2026,2023,1,14,1536.4694338191607,1447.693491790922,88.77594202823866,1.2,0.8,0.3999999999999999,0.5,0,1,AWAY_WIN
399,WC2026,2023,4,10,1513.2423852230029,1445.226920533765,68.01546468923789,1.4,0.4,0.9999999999999999,0.5,2,1,HOME_WIN
3,WC2026,2023,16,12,1495.763326915869,1483.9397224255108,11.823604490358093,1.5,1.4,0.10000000000000009,0.5,2,0,HOME_WIN
258,WC2026,2023,12,13,1468.4840094352203,1501.79569222523,-33.31168279000963,1.2,1.4,-0.19999999999999996,0.5,2,1,HOME_WIN
350,WC2026,2023,14,13,1467.6950650851172,1484.266316052612,-16.571250967494734,1.4,0.8,0.5999999999999999,0.0,3,3,DRAW
223,WC2026,2023,5,13,1464.3876657283301,1483.5037599018397,-19.11609417350951,1.6,0.8,0.8,0.5,1,1,DRAW
9,WC2026,2023,12,9,1486.0133856078382,1470.3928827500463,15.620502857791962,1.8,1.6,0.19999999999999996,0.6666666666666667,5,1,HOME_WIN
211,WC2026,2023,10,13,1432.319739650027,1482.6243184858026,-50.3045788357756,0.4,1.0,-0.6,0.5,2,2,DRAW
261,WC2026,2023,5,16,1465.2671071443672,1511.2190399061594,-45.95193276179225,1.2,1.8,-0.6000000000000001,0.0,1,2,AWAY_WIN
377,WC2026,2023,4,15,1526.1495661067408,1482.0196921943693,44.12987391237152,1.4,1.4,0.0,0.5,0,3,AWAY_WIN
242,WC2026,2023,11,15,1503.5664931949666,1500.0410892239813,3.5254039709852805,1.8,1.8,0.0,0.5,1,0,HOME_WIN
199,WC2026,2023,2,1,1540.2665124921486,1516.4678605249655,23.798651967183105,2.4,1.2,1.2,0.5,2,4,AWAY_WIN
441,WC2026,2023,12,11,1501.2945191621966,1519.4041479140192,-18.109628751822584,1.8,1.8,0.0,0.5,1,1,DRAW
280,WC2026,2023,9,5,1455.111749195688,1451.3710183785624,3.7407308171254954,1.0,1.2,-0.19999999999999996,1.0,1,1,DRAW
146,WC2026,2023,14,8,1468.4576212358895,1510.4945793587424,-42.036958122852866,1.6,1.6,0.0,1.0,2,1,HOME_WIN
370,WC2026,2023,3,12,1564.201229153946,1502.127743932266,62.07348522168013,2.0,1.4,0.6000000000000001,0.5,3,2,HOME_WIN
397,WC2026,2023,7,15,1571.141158730635,1484.2034345049287,86.93772422570623,2.4,1.2,1.2,1.0,5,0,HOME_WIN
282,WC2026,2023,10,9,1434.6202975265012,1454.9394888315398,-20.319191305038657,0.4,1.0,-0.6,0.75,3,2,HOME_WIN
96,WC2026,2023,15,5,1472.125545314656,1451.5432787427105,20.58226657194541,1.2,1.2,0.0,0.5,3,4,AWAY_WIN
122,WC2026,2023,2,7,1523.172254943382,1583.2190479209078,-60.04679297752568,1.8,3.0,-1.2,0.5,0,1,AWAY_WIN
314,WC2026,2023,7,15,1596.4809983647212,1455.1788041622244,141.30219420249682,3.0,1.2,1.8,1.0,2,1,HOME_WIN
187,WC2026,2023,12,14,1488.9563015104543,1486.3841032149032,2.572198295551061,1.4,2.0,-0.6000000000000001,0.5,2,1,HOME_WIN
266,WC2026,2023,8,5,1492.5680973797287,1468.490019895142,24.07807748458663,1.6,1.2,0.40000000000000013,0.5,2,3,AWAY_WIN
349,WC2026,2023,4,13,1508.1281690771289,1480.3237606093285,27.804408467800386,1.4,0.6,0.7999999999999999,1.0,2,2,DRAW
320,WC2026,2023,10,7,1451.5549654943652,1606.3103192126976,-154.75535371833234,1.0,3.0,-2.0,0.0,1,1,DRAW
129,WC2026,2023,5,10,1485.5970845691936,1458.245019749821,27.352064819372572,1.6,1.2,0.40000000000000013,0.5,1,4,AWAY_WIN
252,WC2026,2023,5,16,1468.3400712328864,1525.1151286719642,-56.77505743907773,1.4,1.8,-0.40000000000000013,0.0,2,0,HOME_WIN
474,WC2026,2023,11,3,1518.5709231439498,1577.3726715757577,-58.80174843180794,1.4,2.0,-0.6000000000000001,0.0,0,1,AWAY_WIN
341,WC2026,2023,12,11,1504.8378495655347,1505.2532814531612,-0.4154318876264824,2.0,1.4,0.6000000000000001,0.5,1,2,AWAY_WIN
489,WC2026,2023,12,8,1488.8569809018493,1475.461032705677,13.395948196172185,1.4,1.0,0.3999999999999999,0.0,1,1,DRAW
420,WC2026,2023,15,10,1445.3494833142481,1475.5020330861282,-30.152549771880103,0.6,1.6,-1.0,0.5,1,1,DRAW
380,WC2026,2023,12,7,1488.2403802082583,1599.6202649572417,-111.37988474898339,1.0,2.6,-1.6,0.25,3,3,DRAW
336,WC2026,2023,10,11,1474.1169325479734,1521.2341501168466,-47.11721756887323,1.8,2.0,-0.19999999999999996,0.5,1,0,HOME_WIN
486,WC2026,2023,15,5,1446.734583852403,1486.9316323812798,-40.19704852887685,0.2,2.0,-1.8,0.0,1,4,AWAY_WIN
281,WC2026,2023,1,3,1533.562118073732,1590.6903132665464,-57.128195192814246,1.2,2.0,-0.8,0.5,3,1,HOME_WIN
213,WC2026,2023,10,8,1492.2735558038657,1476.077633399268,16.195922404597695,2.2,0.6,1.6,0.5,3,1,HOME_WIN
289,WC2026,2023,7,9,1594.6598069584854,1438.0048208636758,156.6549860948096,2.2,1.0,1.2000000000000002,0.5,3,1,HOME_WIN
236,WC2026,2023,9,2,1428.766896578794,1509.9103044995686,-81.14340792077451,0.8,1.2,-0.3999999999999999,0.5,1,3,AWAY_WIN
328,WC2026,2023,5,2,1501.08870548808,1522.2400036982694,-21.151298210189452,2.4,1.2,1.2,0.0,1,0,HOME_WIN
13,WC2026,2023,7,11,1603.8977312433672,1503.0775268609543,100.82020438241284,2.2,1.4,0.8000000000000003,0.5,1,1,DRAW
322,WC2026,2023,9,7,1416.4371973800933,1599.38086657033,-182.94366919023673,0.2,1.8,-1.6,0.0,1,2,AWAY_WIN
202,WC2026,2023,6,3,1469.3988134633553,1572.0829187867325,-102.68410532337725,1.0,2.0,-1.0,0.5,3,1,HOME_WIN
308,WC2026,2023,15,4,1432.5775107456027,1506.8504552492886,-74.27294450368595,0.2,1.4,-1.2,1.0,1,0,HOME_WIN
372,WC2026,2023,1,4,1552.169512553546,1487.4812282073092,64.68828434623674,1.2,1.4,-0.19999999999999996,0.5,2,2,DRAW
347,WC2026,2023,8,7,1460.8229434107034,1607.6569832719163,-146.8340398612129,0.4,1.8,-1.4,0.5,3,3,DRAW
21,WC2026,2023,8,11,1467.2091403640359,1507.5943915339915,-40.38525116995561,0.4,1.0,-0.6,0.0,3,1,HOME_WIN
162,WC2026,2023,12,6,1493.2008382070146,1489.9945530011369,3.206285205877748,1.0,1.0,0.0,0.5,2,0,HOME_WIN
264,WC2026,2023,8,7,1485.0606187880453,1601.2707863185838,-116.21016753053846,1.0,1.8,-0.8,0.5,0,0,DRAW
449,WC2026,2023,15,14,1451.9467377875822,1470.5025551598228,-18.555817372240654,0.8,1.4,-0.5999999999999999,1.0,3,2,HOME_WIN
254,WC2026,2023,2,6,1505.2671519739324,1474.1422037000348,31.124948273897644,0.6,1.0,-0.4,1.0,3,4,AWAY_WIN
329,WC2026,2023,14,12,1453.6488397508847,1509.0531875081167,-55.40434775723202,1.4,1.6,-0.20000000000000018,0.0,1,3,AWAY_WIN
110,WC2026,2023,10,14,1507.5282457924304,1440.178894453673,67.34935133875751,2.2,0.8,1.4000000000000001,0.5,0,3,AWAY_WIN
88,WC2026,2023,12,3,1522.5231328053285,1551.487179248951,-28.964046443622465,1.6,1.8,-0.19999999999999996,0.0,3,3,DRAW
364,WC2026,2023,11,2,1489.742913109982,1487.8376173045062,1.9052958054758165,0.8,0.6,0.20000000000000007,0.5,4,2,HOME_WIN
73,WC2026,2023,10,2,1488.4649670345418,1471.9253585393503,16.539608495191487,2.0,0.6,1.4,0.0,4,2,HOME_WIN
303,WC2026,2023,3,4,1550.1564170166084,1490.4262811951328,59.73013582147564,1.4,1.0,0.3999999999999999,0.5,2,0,HOME_WIN
120,WC2026,2023,7,3,1596.1101420184818,1563.4325252166786,32.6776168018032,1.8,1.4,0.40000000000000013,0.25,2,6,AWAY_WIN
121,WC2026,2023,14,11,1459.2421732115615,1505.655171875138,-46.412998663576445,1.2,1.4,-0.19999999999999996,0.5,1,1,DRAW
419,WC2026,2023,14,15,1461.3669465294108,1468.8004531965203,-7.433506667109441,0.8,1.4,-0.5999999999999999,0.0,3,4,AWAY_WIN
218,WC2026,2023,7,9,1578.6097038900846,1408.161080678507,170.44862321157757,1.2,0.2,1.0,1.0,1,0,HOME_WIN
383,WC2026,2023,4,9,1477.1501729950626,1399.4360412835852,77.71413171147742,0.4,0.0,0.4,0.5,0,1,AWAY_WIN
304,WC2026,2023,5,14,1518.061557212417,1445.709219937329,72.35233727508808,2.4,0.8,1.5999999999999999,1.0,2,3,AWAY_WIN
68,WC2026,2023,9,1,1418.9563936397892,1549.2244595657223,-130.26806592593312,0.6,1.4,-0.7999999999999999,0.0,1,6,AWAY_WIN
257,WC2026,2023,13,5,1481.6014744371687,1498.77695307078,-17.17547863361142,0.8,1.8,-1.0,0.5,0,2,AWAY_WIN
374,WC2026,2023,16,15,1506.5235675235708,1484.4581797886021,22.06538773496868,1.2,2.0,-0.8,0.5,2,0,HOME_WIN
246,WC2026,2023,8,13,1490.2212630881472,1466.391790766587,23.82947232156016,1.2,0.8,0.3999999999999999,0.16666666666666666,0,2,AWAY_WIN
24,WC2026,2023,12,9,1523.853895037671,1408.689298057372,115.16459698029894,1.8,0.6,1.2000000000000002,0.75,1,1,DRAW
144,WC2026,2023,14,1,1464.9938240789659,1559.4915551481395,-94.4977310691736,1.4,2.0,-0.6000000000000001,1.0,0,2,AWAY_WIN
311,WC2026,2023,7,16,1587.3347432850064,1521.5087828537783,65.82596043122817,1.6,1.8,-0.19999999999999996,0.5,2,0,HOME_WIN
425,WC2026,2023,10,9,1503.7038647698394,1413.8067594522438,89.89710531759556,2.0,0.8,1.2,0.8333333333333334,3,0,HOME_WIN
44,WC2026,2023,6,16,1491.571738369461,1508.5044220413045,-16.932683671843506,1.6,1.8,-0.19999999999999996,0.5,4,1,HOME_WIN
138,WC2026,2023,15,11,1469.4729644583947,1503.5303985572887,-34.057434098893964,1.8,1.0,0.8,0.33333333333333337,1,2,AWAY_WIN
435,WC2026,2023,3,14,1580.932963345076,1453.2413785266936,127.69158481838235,1.4,1.4,0.0,0.75,1,2,AWAY_WIN
142,WC2026,2023,7,15,1600.3391040974802,1455.0363629330855,145.30274116439477,1.6,1.8,-0.19999999999999996,1.0,3,2,HOME_WIN
457,WC2026,2023,8,6,1473.1255928568746,1508.3509004746647,-35.22530761779012,1.0,2.0,-1.0,0.5,3,1,HOME_WIN
10,WC2026,2023,13,1,1483.4874609978597,1571.2440007004118,-87.75653970255212,1.2,2.6,-1.4000000000000001,0.5,1,0,HOME_WIN
366,WC2026,2023,8,12,1490.7422427030806,1518.7364336427993,-27.994190939718692,1.6,1.8,-0.19999999999999996,0.75,3,2,HOME_WIN
126,WC2026,2023,3,1,1559.3037510042388,1551.2864684251574,8.017282579081439,1.4,2.0,-0.6000000000000001,0.0,3,2,HOME_WIN
286,WC2026,2023,7,5,1610.0122957358437,1513.9866367413617,96.025658994482,2.0,2.4,-0.3999999999999999,0.5,3,0,HOME_WIN
93,WC2026,2023,4,1,1457.6298206388585,1535.6556124135695,-78.02579177471102,0.4,1.4,-0.9999999999999999,0.5,1,2,AWAY_WIN
315,WC2026,2023,6,8,1490.7342506284588,1508.0286402219524,-17.294389593493634,1.8,2.0,-0.19999999999999996,0.25,3,1,HOME_WIN
400,WC2026,2023,4,2,1445.1638279737479,1456.6864608040528,-11.522632830304929,0.2,0.6,-0.39999999999999997,0.5,1,2,AWAY_WIN
233,WC2026,2023,2,4,1472.1560184166503,1429.6942703611503,42.46174805550004,0.6,0.2,0.39999999999999997,0.6666666666666666,1,1,DRAW
404,WC2026,2023,14,5,1474.8705908675306,1502.2995192672433,-27.42892839971273,1.4,1.8,-0.40000000000000013,0.5,1,0,HOME_WIN
453,WC2026,2023,3,15,1574.9346070158267,1445.363171294722,129.57143572110476,2.0,1.2,0.8,1.0,2,0,HOME_WIN
268,WC2026,2023,13,12,1503.444993273114,1501.4500361239275,1.9949571491865754,1.6,1.6,0.0,0.0,2,1,HOME_WIN
234,WC2026,2023,12,13,1485.5419062861351,1519.3531231109064,-33.811216824771236,1.0,2.0,-1.0,0.5,2,1,HOME_WIN
299,WC2026,2023,5,3,1485.0389881411684,1585.229684996522,-100.19069685535374,1.2,2.4,-1.2,0.5,2,3,AWAY_WIN
143,WC2026,2023,3,10,1596.7395134746102,1515.6539287039259,81.08558477068436,2.4,2.4,0.0,0.5,0,5,AWAY_WIN
33,WC2026,2023,16,3,1491.7252599361007,1577.071735500634,-85.34647556453342,1.2,1.8,-0.6000000000000001,0.5,1,2,AWAY_WIN
436,WC2026,2023,1,6,1548.1216050786802,1507.5300295566788,40.59157552200145,1.8,1.8,0.0,0.5,4,2,HOME_WIN
219,WC2026,2023,10,6,1535.321706677902,1493.3908816918145,41.9308249860876,2.4,1.8,0.5999999999999999,0.5,3,2,HOME_WIN
458,WC2026,2023,2,13,1470.2102605879147,1501.8009558776544,-31.590695289739642,0.8,1.8,-1.0,0.5,3,1,HOME_WIN
387,WC2026,2023,3,12,1589.2185779786855,1503.0940735193872,86.12450445929835,2.4,1.0,1.4,0.75,3,2,HOME_WIN
451,WC2026,2023,15,13,1435.0680933140266,1484.3501465426675,-49.28205322864096,0.6,1.8,-1.2000000000000002,0.5,1,1,DRAW
229,WC2026,2023,12,15,1490.9809643983356,1437.322516279519,53.65844811881652,0.8,0.2,0.6000000000000001,1.0,0,3,AWAY_WIN
488,WC2026,2023,10,16,1549.400041629851,1479.5784174580492,69.82162417180189,2.4,0.6,1.7999999999999998,0.5,3,0,HOME_WIN
35,WC2026,2023,16,2,1466.7512242659984,1487.6610699229016,-20.909845656903144,0.6,1.4,-0.7999999999999999,0.0,2,2,DRAW
285,WC2026,2023,8,6,1491.2328612937324,1479.3125467398654,11.920314553867001,1.4,1.2,0.19999999999999996,0.5,1,1,DRAW
463,WC2026,2023,12,13,1472.5293626135813,1482.095723577175,-9.566360963593752,0.6,1.4,-0.7999999999999999,0.6666666666666666,0,0,DRAW
244,WC2026,2023,1,2,1562.2607529435445,1486.6992968574896,75.56145608605493,1.8,1.6,0.19999999999999996,1.0,0,2,AWAY_WIN
317,WC2026,2023,9,2,1401.8566955181573,1506.1251863357961,-104.26849081763885,0.8,2.2,-1.4000000000000001,0.0,1,1,DRAW
201,WC2026,2023,16,6,1467.7129973314104,1479.8612822164805,-12.148284885070098,0.2,0.8,-0.6000000000000001,0.0,4,3,HOME_WIN
185,WC2026,2023,2,16,1501.462590919543,1484.2722186438957,17.190372275647178,1.8,0.8,1.0,0.75,4,1,HOME_WIN
316,WC2026,2023,6,12,1463.3020609039952,1472.969798519308,-9.667737615312717,0.8,0.8,0.0,0.0,5,0,HOME_WIN
352,WC2026,2023,14,7,1492.1311219936056,1621.6994132099621,-129.56829121635656,1.8,2.4,-0.5999999999999999,0.5,3,5,AWAY_WIN
401,WC2026,2024,7,13,1631.9946175907075,1481.6552876714484,150.33932991925917,3.0,1.0,2.0,1.0,2,1,HOME_WIN
346,WC2026,2024,4,16,1431.640028189886,1469.0632191759937,-37.423190986107784,0.2,0.8,-0.6000000000000001,0.5,2,0,HOME_WIN
410,WC2026,2024,9,13,1406.5192909344105,1472.176643693901,-65.65735275949055,1.0,0.4,0.6,0.5,4,3,HOME_WIN
277,WC2026,2024,9,13,1425.5074369551303,1453.1884976731812,-27.681060718050958,1.0,0.4,0.6,1.0,0,1,AWAY_WIN
176,WC2026,2024,1,9,1542.834863465238,1410.7795064740335,132.05535699120446,1.2,1.0,0.19999999999999996,1.0,0,1,AWAY_WIN
155,WC2026,2024,5,13,1473.5291596630802,1467.916428154278,5.612731508802199,0.6,1.0,-0.4,0.75,0,4,AWAY_WIN
11,WC2026,2024,11,3,1517.967000082598,1601.331687099737,-83.3646870171392,1.6,2.4,-0.7999999999999998,0.0,6,1,HOME_WIN
426,WC2026,2024,4,1,1449.3567956388015,1521.0303508415905,-71.67355520278898,0.8,1.2,-0.3999999999999999,0.25,0,2,AWAY_WIN
306,WC2026,2024,3,14,1581.564618701784,1481.8359176128602,99.7287010889238,1.8,1.8,0.0,0.5,0,1,AWAY_WIN
99,WC2026,2024,14,4,1502.306481735152,1436.611446088399,65.69503564675301,1.8,0.8,1.0,0.5,3,2,HOME_WIN
262,WC2026,2024,6,10,1479.7471618018576,1562.227234821902,-82.4800730200443,0.8,3.0,-2.2,0.0,2,5,AWAY_WIN
471,WC2026,2024,13,5,1484.1748815093906,1457.2707063079677,26.90417520142296,1.4,0.6,0.7999999999999999,0.5,1,0,HOME_WIN
386,WC2026,2024,13,11,1498.938369008938,1537.734068480551,-38.795699471613034,1.8,2.0,-0.19999999999999996,0.5,4,1,HOME_WIN
243,WC2026,2024,2,4,1516.671590387445,1423.6012669086674,93.07032347877748,2.2,0.8,1.4000000000000001,0.625,3,5,AWAY_WIN
89,WC2026,2024,5,6,1442.5072188084202,1467.475727443441,-24.968508635020726,0.0,0.8,-0.8,0.5,1,1,DRAW
25,WC2026,2024,16,10,1451.3464517270781,1574.4986691803185,-123.15221745324038,0.8,3.0,-2.2,0.0,2,0,HOME_WIN
27,WC2026,2024,6,8,1466.3278605386147,1490.6841258171173,-24.356265278502633,1.0,1.4,-0.3999999999999999,0.5,0,0,DRAW
287,WC2026,2024,15,6,1455.7741180642734,1467.4476741926094,-11.673556128336031,0.8,1.0,-0.19999999999999996,0.6666666666666667,1,3,AWAY_WIN
205,WC2026,2024,6,12,1482.910289269934,1456.5246976214455,26.38559164848857,1.6,0.8,0.8,0.5,1,0,HOME_WIN
444,WC2026,2024,6,9,1497.6975185121828,1432.584019097681,65.1134994145018,1.6,1.4,0.20000000000000018,0.5,3,1,HOME_WIN
454,WC2026,2024,12,9,1441.7374683791968,1419.5479862543966,22.18948212480018,0.2,1.4,-1.2,0.7,3,0,HOME_WIN
17,WC2026,2024,11,14,1519.9548491618345,1515.3166609148834,4.638188246951131,2.0,2.4,-0.3999999999999999,0.5,2,1,HOME_WIN
178,WC2026,2024,11,13,1535.741265387423,1516.7175883276545,19.023677059768488,2.0,2.4,-0.3999999999999999,0.0,0,1,AWAY_WIN
325,WC2026,2024,4,14,1443.7876531103252,1499.530244689295,-55.74259157896972,1.4,1.8,-0.40000000000000013,0.0,1,3,AWAY_WIN
378,WC2026,2024,6,11,1510.7335513554672,1518.866067140736,-8.132515785268879,2.2,1.8,0.40000000000000013,0.5,5,3,HOME_WIN
440,WC2026,2024,16,13,1472.7916590752325,1533.5927865743415,-60.80112749910904,1.4,3.0,-1.6,0.5,5,1,HOME_WIN
338,WC2026,2024,3,7,1561.0940545794922,1641.4732615682549,-80.37920698876269,1.2,3.0,-1.8,0.8333333333333334,5,1,HOME_WIN
240,WC2026,2024,15,5,1440.3115029869487,1443.6550857132465,-3.343582726297882,0.8,0.2,0.6000000000000001,0.0,1,3,AWAY_WIN
478,WC2026,2024,3,7,1580.7309977461173,1621.8363184016298,-41.105320655512514,1.8,2.4,-0.5999999999999999,0.875,3,6,AWAY_WIN
414,WC2026,2024,16,14,1491.5634171350785,1512.985005114499,-21.421587979420565,1.8,1.8,0.0,1.0,1,1,DRAW
312,WC2026,2024,14,2,1511.999752693471,1496.485204185787,15.514548507683912,2.0,1.6,0.3999999999999999,0.5,0,2,AWAY_WIN
307,WC2026,2024,6,7,1527.1079991636382,1635.9521314788171,-108.84413231517897,2.6,2.4,0.20000000000000018,0.5,5,4,HOME_WIN
114,WC2026,2024,15,11,1424.4654759084958,1502.491619332565,-78.02614342406923,0.8,1.2,-0.3999999999999999,0.25,1,3,AWAY_WIN
53,WC2026,2024,7,16,1615.0974624707817,1492.5486695561065,122.54879291467523,1.8,1.4,0.40000000000000013,1.0,5,3,HOME_WIN
66,WC2026,2024,6,12,1547.9626681716736,1456.7169920689746,91.24567610269901,3.0,0.8,2.2,0.6666666666666666,1,2,AWAY_WIN
423,WC2026,2024,7,11,1625.6768398265085,1514.9575965936701,110.71924323283838,1.8,1.2,0.6000000000000001,0.5,1,2,AWAY_WIN
79,WC2026,2024,11,13,1535.8905389929316,1514.8210285144955,21.069510478436086,1.8,2.4,-0.5999999999999999,0.0,0,0,DRAW
279,WC2026,2024,15,2,1411.9994986473907,1513.1992010363695,-101.19970238897872,0.8,2.0,-1.2,1.0,4,1,HOME_WIN
332,WC2026,2024,9,6,1404.5684625646188,1527.8546644854891,-123.28620192087033,1.2,2.4,-1.2,0.0,1,1,DRAW
402,WC2026,2024,6,5,1522.404002283549,1459.5011127916994,62.90288949184969,2.0,0.8,1.2,0.5,1,1,DRAW
468,WC2026,2024,1,14,1533.775700391993,1495.2857558428886,38.48994454910439,1.8,1.4,0.40000000000000013,0.5,3,1,HOME_WIN
351,WC2026,2024,12,2,1476.824995755159,1492.6662576006363,-15.84126184547722,1.4,1.4,0.0,0.0,3,1,HOME_WIN
263,WC2026,2024,3,5,1566.61518466893,1462.3666564499924,104.24852821893751,1.2,1.0,0.19999999999999996,1.0,3,2,HOME_WIN
500,WC2026,2024,10,3,1553.0534618321642,1577.9534305094692,-24.89996867730497,2.4,1.2,1.2,1.0,2,2,DRAW
4,WC2026,2024,11,15,1534.9214398617328,1432.532442083124,102.38899777860888,1.4,1.2,0.19999999999999996,0.8,1,1,DRAW
8,WC2026,2024,10,4,1554.1981885563735,1430.3328926851211,123.86529587125233,2.0,1.2,0.8,0.0,2,3,AWAY_WIN
163,WC2026,2024,2,14,1475.9372456409485,1481.0510673854221,-5.113821744473626,1.2,0.8,0.3999999999999999,1.0,4,0,HOME_WIN
477,WC2026,2024,3,16,1576.80870378526,1481.9692922003796,94.83941158488028,1.4,1.4,0.0,1.0,5,2,HOME_WIN
71,WC2026,2024,6,12,1519.538458625256,1493.5540077148469,25.984450910409123,1.6,1.8,-0.19999999999999996,0.5,6,1,HOME_WIN
385,WC2026,2024,2,14,1492.1727288303553,1464.8155841960154,27.357144634339875,1.2,0.8,0.3999999999999999,1.0,1,2,AWAY_WIN
72,WC2026,2024,3,13,1588.5465271197559,1515.7901276456944,72.75639947406148,2.0,2.0,0.0,0.75,3,1,HOME_WIN
461,WC2026,2024,2,13,1474.9154830040784,1503.0925510892432,-28.17706808516482,1.2,1.4,-0.19999999999999996,1.0,0,2,AWAY_WIN
447,WC2026,2024,1,14,1548.0103888494596,1482.0728300222922,65.93755882716732,1.8,0.8,1.0,0.6666666666666666,3,2,HOME_WIN
57,WC2026,2024,3,7,1601.244103676207,1604.743897427247,-3.499793751039988,2.0,1.2,0.8,0.7,1,0,HOME_WIN
396,WC2026,2024,8,13,1489.5643121631226,1517.7977865611297,-28.233474398007047,1.6,1.4,0.20000000000000018,0.125,3,2,HOME_WIN
384,WC2026,2024,2,15,1460.210247532192,1437.1157096119225,23.09453792026943,0.6,0.8,-0.20000000000000007,0.0,2,1,HOME_WIN
499,WC2026,2024,13,6,1500.500441470659,1534.3440565452295,-33.84361507457038,0.8,1.6,-0.8,0.5,3,2,HOME_WIN
226,WC2026,2024,16,12,1470.2314688658837,1478.7484097948734,-8.516940928989698,1.4,1.8,-0.40000000000000013,1.0,0,0,DRAW
373,WC2026,2024,11,9,1530.3381723329342,1410.019124766559,120.31904756637527,1.6,0.8,0.8,0.0,0,2,AWAY_WIN
375,WC2026,2024,11,15,1509.0086442614224,1422.177688746735,86.8309555146875,1.6,0.8,0.8,0.75,0,1,AWAY_WIN
166,WC2026,2024,3,1,1617.4052696834833,1561.0097908177531,56.39547886573018,2.6,1.8,0.8,0.5,0,6,AWAY_WIN
227,WC2026,2024,7,2,1588.5827314199707,1475.1482683973795,113.43446302259122,1.2,1.2,0.0,1.0,1,3,AWAY_WIN
209,WC2026,2024,4,14,1451.807114802134,1469.0734280539987,-17.26631325186463,1.2,0.6,0.6,0.0,2,3,AWAY_WIN
408,WC2026,2024,5,6,1451.0284106094532,1516.790411372013,-65.76200076255986,1.0,1.0,0.0,0.5,2,5,AWAY_WIN
90,WC2026,2024,7,9,1567.5369084520528,1431.3486528380706,136.18825561398216,0.6,1.4,-0.7999999999999999,1.0,0,0,DRAW
64,WC2026,2024,5,11,1438.0212074976607,1489.0911552268542,-51.06994772919347,1.0,1.0,0.0,0.0,0,3,AWAY_WIN
48,WC2026,2024,3,10,1598.8307331841768,1532.7239664393605,66.10676674481624,2.0,1.4,0.6000000000000001,0.25,6,3,HOME_WIN
222,WC2026,2024,7,12,1561.5678358179125,1478.3562687161436,83.21156710176888,0.8,2.0,-1.2,0.6666666666666666,3,1,HOME_WIN
438,WC2026,2024,9,13,1437.317725472211,1518.0540866438755,-80.73636117166461,1.0,1.4,-0.3999999999999999,0.5,2,0,HOME_WIN
482,WC2026,2024,11,15,1502.7560904860543,1442.0951777813032,60.66091270475113,1.0,1.4,-0.3999999999999999,0.6428571428571429,4,4,DRAW
151,WC2026,2024,16,3,1470.6236099446135,1611.8226175848208,-141.19900764020736,1.0,2.4,-1.4,0.0,1,2,AWAY_WIN
36,WC2026,2024,11,10,1499.990596213136,1519.7320820387165,-19.741485825580412,1.0,0.8,0.19999999999999996,0.0,1,2,AWAY_WIN
208,WC2026,2024,13,6,1498.4015494033765,1529.7976144838055,-31.396065080429025,1.2,1.6,-0.40000000000000013,1.0,0,1,AWAY_WIN
494,WC2026,2024,2,9,1496.1940913652975,1456.9702627127099,39.2238286525876,1.8,1.6,0.19999999999999996,0.75,5,4,HOME_WIN
467,WC2026,2024,3,10,1621.6559840157092,1534.82393015484,86.83205386086934,2.4,0.8,1.5999999999999999,0.5,3,2,HOME_WIN
382,WC2026,2024,14,2,1484.2789388958859,1510.3954024501866,-26.116463554300708,1.2,1.8,-0.6000000000000001,0.33333333333333337,0,0,DRAW
200,WC2026,2024,9,14,1442.7689516278208,1485.4793863327097,-42.71043470488894,1.6,1.4,0.20000000000000018,0.5,5,0,HOME_WIN
30,WC2026,2024,1,4,1579.5843273170597,1436.6016039602468,142.9827233568128,2.4,1.2,1.2,0.8333333333333334,1,3,AWAY_WIN
127,WC2026,2024,13,2,1483.843468930125,1509.1949550133627,-25.35148608323766,1.2,2.0,-0.8,0.5,0,1,AWAY_WIN
12,WC2026,2024,7,14,1573.8074286625424,1467.5223464142407,106.2850822483017,0.8,1.4,-0.5999999999999999,0.75,4,3,HOME_WIN
462,WC2026,2024,16,13,1460.790243513725,1469.0088804295633,-8.21863691583826,0.4,0.6,-0.19999999999999996,1.0,2,0,HOME_WIN
132,WC2026,2024,1,11,1557.347891240028,1484.8987480970127,72.44914314301536,2.4,0.8,1.5999999999999999,0.5,4,1,HOME_WIN
294,WC2026,2024,16,9,1477.1686551512582,1460.7259915462898,16.442663604968402,0.8,2.0,-1.2,0.5,2,0,HOME_WIN
104,WC2026,2024,13,15,1452.6304687920301,1444.8606720542214,7.769796737808747,0.6,1.6,-1.0,0.5,1,2,AWAY_WIN
321,WC2026,2024,9,8,1445.4826393770186,1506.8616572535932,-61.37901787657461,1.4,1.6,-0.20000000000000018,0.0,1,1,DRAW
238,WC2026,2024,5,7,1424.3562722384606,1585.059996631405,-160.70372439294442,0.8,1.4,-0.5999999999999999,0.0,1,4,AWAY_WIN
63,WC2026,2024,12,1,1466.1166758715137,1570.0590171447102,-103.94234127319646,1.4,2.4,-1.0,0.5,3,2,HOME_WIN
157,WC2026,2024,11,13,1472.1876221923305,1436.2727160664435,35.914906125887,0.8,0.0,0.8,0.16666666666666666,2,1,HOME_WIN
140,WC2026,2024,8,2,1504.0640924779639,1524.0295435139244,-19.96545103596054,1.2,2.6,-1.4000000000000001,1.0,4,1,HOME_WIN
42,WC2026,2024,1,8,1549.4101697342355,1520.9825247354404,28.42764499879513,1.8,1.8,0.0,0.5,2,1,HOME_WIN
5,WC2026,2024,7,4,1594.145530211189,1458.8380400372785,135.30749017391054,2.0,1.8,0.19999999999999996,0.5,3,0,HOME_WIN
251,WC2026,2024,1,4,1564.1039419501553,1448.7721641514543,115.33177779870107,1.8,1.2,0.6000000000000001,0.625,3,4,AWAY_WIN
335,WC2026,2024,15,4,1461.218424779808,1469.896535851446,-8.678111071638114,1.6,1.8,-0.19999999999999996,1.0,2,0,HOME_WIN
195,WC2026,2024,5,11,1415.2707386586767,1486.5395457206787,-71.268807062002,0.2,1.4,-1.2,0.0,0,2,AWAY_WIN
284,WC2026,2024,9,2,1448.280204152648,1507.1111112564479,-58.83090710379997,1.4,2.0,-0.6000000000000001,0.16666666666666663,2,1,HOME_WIN
429,WC2026,2024,6,1,1544.355694957057,1542.9795702501635,1.3761247068935063,2.0,1.2,0.8,0.0,0,1,AWAY_WIN
105,WC2026,2024,15,4,1477.6179834746722,1453.4969771565818,24.121006318090394,2.0,1.2,0.8,1.0,1,3,AWAY_WIN
403,WC2026,2024,3,6,1633.7384474326857,1528.2923224037286,105.44612502895711,2.4,1.8,0.5999999999999999,0.0,2,2,DRAW
94,WC2026,2024,11,15,1499.3027675816245,1460.508951336177,38.79381624544749,1.4,2.0,-0.6000000000000001,0.625,1,1,DRAW
39,WC2026,2024,7,15,1604.2114060970132,1462.2880850014976,141.92332109551558,2.6,1.6,1.0,1.0,1,3,AWAY_WIN
480,WC2026,2024,11,15,1497.5236339163039,1484.483096767492,13.040537148811836,1.4,2.0,-0.6000000000000001,0.6111111111111112,2,2,DRAW
465,WC2026,2024,5,16,1402.507516797731,1492.4120073205295,-89.9044905227986,0.0,1.4,-1.4,0.3333333333333333,3,2,HOME_WIN
1,WC2026,2024,7,4,1582.0163943310188,1470.606009295077,111.41038503594177,2.4,1.8,0.5999999999999999,1.0,2,1,HOME_WIN
411,WC2026,2024,15,4,1485.0833538466366,1459.5677368433594,25.515617003277157,1.6,1.2,0.40000000000000013,0.75,2,1,HOME_WIN
391,WC2026,2024,10,12,1522.7414667378634,1486.7655232819884,35.97594345587504,0.8,1.4,-0.5999999999999999,0.5,2,1,HOME_WIN
98,WC2026,2024,13,8,1421.9207925380954,1506.2887525195206,-84.3679599814252,0.0,1.6,-1.6,0.7,3,1,HOME_WIN
483,WC2026,2024,11,8,1496.9233768371594,1486.4780725969613,10.445304240198084,1.6,1.4,0.20000000000000018,0.5,1,0,HOME_WIN
69,WC2026,2024,2,11,1488.4274478995792,1512.4424976716784,-24.015049772099246,1.4,2.2,-0.8000000000000003,0.0,1,3,AWAY_WIN
164,WC2026,2024,1,6,1559.042942803492,1533.004495274974,26.038447528517963,1.8,1.4,0.40000000000000013,1.0,4,3,HOME_WIN
443,WC2026,2024,16,1,1472.3617529454314,1573.846067973148,-101.48431502771655,1.4,1.8,-0.40000000000000013,0.5,0,2,AWAY_WIN
319,WC2026,2024,1,14,1585.3010724523215,1456.269778445378,129.03129400694343,2.4,0.8,1.5999999999999999,0.75,1,0,HOME_WIN
305,WC2026,2024,11,2,1527.3383216714876,1473.53162389977,53.80669777171761,2.2,0.8,1.4000000000000001,1.0,1,1,DRAW
174,WC2026,2024,1,12,1595.6178745315551,1472.4163807528917,123.20149377866346,2.4,0.8,1.5999999999999999,0.0,1,1,DRAW
427,WC2026,2024,16,5,1460.9067484662578,1422.557771172829,38.34897729342879,1.2,0.6,0.6,0.5,2,0,HOME_WIN
170,WC2026,2024,12,10,1477.8635944340833,1537.0906092669602,-59.227014832876876,1.0,1.2,-0.19999999999999996,0.0,1,0,HOME_WIN
472,WC2026,2024,2,16,1475.9898921097258,1475.1478499670902,0.8420421426355915,0.8,1.8,-1.0,0.8333333333333334,1,2,AWAY_WIN
417,WC2026,2024,12,1,1496.5649826424985,1590.1706608503634,-93.60567820786491,1.4,2.6,-1.2000000000000002,0.75,2,0,HOME_WIN
232,WC2026,2024,3,9,1629.0262745614402,1466.9638675095166,162.06240705192363,2.0,1.4,0.6000000000000001,0.5,1,0,HOME_WIN
348,WC2026,2024,15,4,1499.9104241992115,1444.7406664907844,55.16975770842714,1.6,1.2,0.40000000000000013,0.8,1,0,HOME_WIN
181,WC2026,2024,7,12,1593.0546667827364,1516.774325747581,76.28034103515529,2.4,2.0,0.3999999999999999,0.75,2,3,AWAY_WIN
354,WC2026,2024,11,3,1524.8800534615318,1638.0610099326225,-113.18095647109067,1.8,2.6,-0.8,0.33333333333333337,2,3,AWAY_WIN
337,WC2026,2024,11,13,1513.9153606748478,1441.7314724606547,72.18388821419308,1.6,0.6,1.0,0.375,1,2,AWAY_WIN
496,WC2026,2024,16,2,1491.1866273648727,1459.9511147119433,31.2355126529294,1.8,0.2,1.6,0.375,1,1,DRAW
58,WC2026,2024,10,12,1518.389221058545,1536.2317892773356,-17.842568218790575,1.2,2.0,-0.8,0.5,0,0,DRAW
182,WC2026,2024,16,3,1489.7520418067074,1649.0257027193065,-159.2736609125991,1.4,2.6,-1.2000000000000002,0.0,1,2,AWAY_WIN
479,WC2026,2024,11,13,1494.6381877190227,1461.0086454164798,33.62954230254286,1.4,1.2,0.19999999999999996,0.3,2,2,DRAW
29,WC2026,2024,3,9,1658.1648890461029,1457.9291321383344,200.23575690776852,2.6,1.4,1.2000000000000002,1.0,1,2,AWAY_WIN
475,WC2026,2024,4,11,1431.2601869308899,1493.0943085897582,-61.8341216588683,0.6,1.0,-0.4,0.5,3,1,HOME_WIN
91,WC2026,2024,5,4,1408.3166696719966,1450.078064614215,-41.76139494221843,0.6,1.2,-0.6,0.5,0,4,AWAY_WIN
37,WC2026,2024,10,3,1519.2101801013703,1633.8450632034867,-114.63488310211642,1.4,2.0,-0.6000000000000001,0.375,1,0,HOME_WIN
217,WC2026,2024,9,14,1482.2489579809505,1445.9529763661444,36.295981614806124,1.4,0.8,0.5999999999999999,1.0,1,2,AWAY_WIN
130,WC2026,2024,13,1,1462.5525245457443,1569.961317745281,-107.4087931995366,1.4,2.0,-0.6000000000000001,1.0,2,2,DRAW
118,WC2026,2024,1,8,1565.1667382609437,1470.9589517624422,94.20778649850149,1.6,0.8,0.8,0.6666666666666666,0,3,AWAY_WIN
464,WC2026,2024,12,6,1535.4108302345103,1518.2013701053181,17.209460129192166,2.2,1.4,0.8000000000000003,0.4,0,1,AWAY_WIN
145,WC2026,2024,9,10,1464.5835204993462,1540.3057320958942,-75.72221159654805,1.4,1.4,0.0,0.125,2,1,HOME_WIN
484,WC2026,2024,8,10,1491.1940920413147,1520.87277965802,-29.678687616705247,1.2,1.4,-0.19999999999999996,0.0,2,3,AWAY_WIN
293,WC2026,2024,8,5,1476.5575314153018,1394.2306442799245,82.32688713537732,0.6,0.6,0.0,0.0,1,2,AWAY_WIN
365,WC2026,2024,7,10,1573.597203252982,1535.5093402840328,38.08786296894914,1.8,1.4,0.40000000000000013,0.875,3,2,HOME_WIN
389,WC2026,2024,16,2,1480.612855479911,1461.3857002701086,19.227155209802504,1.4,0.4,0.9999999999999999,0.4,1,2,AWAY_WIN
274,WC2026,2024,7,2,1587.8501851746234,1478.2702406942356,109.5799444803879,1.8,1.0,0.8,0.5,3,1,HOME_WIN
300,WC2026,2024,11,14,1474.276430906433,1463.6184138477488,10.658017058684209,0.4,0.8,-0.4,0.75,0,1,AWAY_WIN
167,WC2026,2024,10,12,1521.2563583623912,1518.6189528250602,2.6374055373310057,1.4,2.0,-0.6000000000000001,0.5,1,0,HOME_WIN
128,WC2026,2024,4,9,1464.164090006287,1484.0164729372204,-19.852382930933345,1.2,1.8,-0.6000000000000001,0.3333333333333333,0,2,AWAY_WIN
175,WC2026,2024,1,10,1544.9315979820713,1537.1349036818049,7.796694300266381,1.0,1.8,-0.8,1.0,0,1,AWAY_WIN
363,WC2026,2024,6,5,1534.9932475147682,1413.9525378621065,121.04070965266169,1.4,1.2,0.19999999999999996,0.5833333333333333,2,1,HOME_WIN
265,WC2026,2024,12,9,1502.7404075056465,1499.1032305982242,3.637176907422372,1.4,1.8,-0.40000000000000013,0.75,0,2,AWAY_WIN
481,WC2026,2024,12,6,1486.5729154376663,1545.6341935201442,-59.061278082477884,0.8,1.4,-0.5999999999999999,0.33333333333333337,2,1,HOME_WIN
450,WC2026,2025,10,1,1553.4938944644966,1528.5726071993795,24.921287265117144,1.8,0.4,1.4,0.5,2,0,HOME_WIN
92,WC2026,2025,8,6,1456.8356378331198,1526.9402207980636,-70.1045829649438,0.6,1.4,-0.7999999999999999,0.5,4,2,HOME_WIN
31,WC2026,2025,16,12,1463.7283150557842,1505.266888159747,-41.53857310396279,1.4,0.8,0.5999999999999999,0.75,1,2,AWAY_WIN
184,WC2026,2025,5,15,1403.3115918567305,1513.390903759106,-110.0793119023756,1.2,2.2,-1.0000000000000002,1.0,5,2,HOME_WIN
107,WC2026,2025,13,8,1467.3471040300815,1476.0209609425815,-8.673856912500014,1.6,1.2,0.40000000000000013,0.75,0,2,AWAY_WIN
283,WC2026,2025,1,2,1513.7183106511825,1467.1556557518616,46.56265489932093,0.2,1.0,-0.8,0.5,2,1,HOME_WIN
111,WC2026,2025,5,15,1424.2178504520853,1492.4846451637513,-68.26679471166608,1.2,2.0,-0.8,1.0,2,1,HOME_WIN
51,WC2026,2025,8,13,1491.6215980368709,1451.7464669357921,39.87513110107875,1.8,1.6,0.19999999999999996,0.35714285714285715,0,1,AWAY_WIN
270,WC2026,2025,11,15,1457.7857649834934,1473.3806859050442,-15.594920921550738,0.2,1.4,-1.2,0.6,2,2,DRAW
206,WC2026,2025,16,5,1449.6321744013144,1443.3218097107924,6.310364690521965,0.8,1.8,-1.0,0.6,3,2,HOME_WIN
393,WC2026,2025,13,7,1469.5747641092598,1598.9647701169974,-129.3900060077376,1.6,1.8,-0.19999999999999996,0.0,0,0,DRAW
379,WC2026,2025,8,16,1473.7933008634031,1465.3416033187718,8.451697544631315,1.2,0.8,0.3999999999999999,1.0,2,1,HOME_WIN
298,WC2026,2025,8,2,1489.4041625625518,1453.2871990645606,36.116963497991264,1.8,0.8,1.0,1.0,2,2,DRAW
275,WC2026,2025,15,4,1472.662995176861,1449.0773323452834,23.585662831577565,1.4,1.2,0.19999999999999996,0.8333333333333334,1,0,HOME_WIN
216,WC2026,2025,15,3,1487.578500670601,1612.7495112089628,-125.17101053836177,1.4,1.8,-0.40000000000000013,0.0,0,2,AWAY_WIN
362,WC2026,2025,12,1,1519.3630288142167,1527.5867673384835,-8.223738524266764,1.2,0.8,0.3999999999999999,0.8333333333333334,1,4,AWAY_WIN
41,WC2026,2025,6,13,1507.754897688602,1475.272391841772,32.48250584682978,1.2,1.2,0.0,0.5,3,2,HOME_WIN
141,WC2026,2025,15,8,1477.1057459395697,1487.746880284364,-10.641134344794182,0.8,2.0,-1.2,0.5,3,1,HOME_WIN
342,WC2026,2025,2,11,1454.9444813427485,1458.5034557116767,-3.5589743689281477,1.0,0.4,0.6,0.16666666666666666,5,0,HOME_WIN
45,WC2026,2025,10,16,1568.3481910126936,1449.7307416196231,118.6174493930705,2.4,0.6,1.7999999999999998,0.5,0,1,AWAY_WIN
220,WC2026,2025,6,9,1522.2633662022972,1515.2707226662044,6.992643536092828,1.8,2.4,-0.5999999999999999,0.75,0,1,AWAY_WIN
310,WC2026,2025,11,5,1442.3395646174552,1427.612380793335,14.727183824120175,0.4,1.8,-1.4,1.0,2,5,AWAY_WIN
160,WC2026,2025,13,3,1460.7639233280768,1623.222265939994,-162.45834261191726,1.0,1.8,-0.8,0.16666666666666663,0,3,AWAY_WIN
108,WC2026,2025,12,4,1503.7416752580045,1434.1618268515433,69.57984840646122,1.2,1.2,0.0,0.5,3,2,HOME_WIN
117,WC2026,2025,3,15,1632.2422305957505,1493.5956351148182,138.64659548093232,1.8,1.4,0.40000000000000013,1.0,2,1,HOME_WIN
43,WC2026,2025,15,9,1483.6619037346868,1531.5927023275372,-47.93079859285035,1.4,2.4,-1.0,0.0,0,2,AWAY_WIN
207,WC2026,2025,7,11,1593.2671423844852,1425.6617586423868,167.6053837420984,2.0,0.2,1.8,0.25,1,3,AWAY_WIN
422,WC2026,2025,1,12,1543.2081208946956,1516.5795662798048,26.628554614890845,1.2,1.8,-0.6000000000000001,0.375,4,1,HOME_WIN
432,WC2026,2025,4,15,1421.323935829743,1469.8553014079635,-48.5313655782204,1.2,1.2,0.0,0.14285714285714285,1,1,DRAW
80,WC2026,2025,3,5,1642.1759619758818,1444.2901867684034,197.88577520747845,1.8,1.8,0.0,1.0,2,2,DRAW
230,WC2026,2025,6,3,1505.9413865409645,1633.935372623575,-127.99398608261049,1.2,2.0,-0.8,0.75,1,1,DRAW
448,WC2026,2025,10,12,1547.088443299909,1501.8034610201469,45.28498227976206,1.8,1.8,0.0,0.625,1,1,DRAW
224,WC2026,2025,7,16,1570.0964338682754,1470.9904893324078,99.1059445358676,1.4,1.2,0.19999999999999996,1.0,4,1,HOME_WIN
368,WC2026,2025,7,9,1581.6523229931233,1545.3993046542605,36.25301833886283,2.0,3.0,-1.0,0.875,3,3,DRAW
359,WC2026,2025,4,16,1423.5444644197773,1459.43460020756,-35.89013578778258,0.8,1.2,-0.3999999999999999,1.0,1,1,DRAW
194,WC2026,2025,15,5,1467.6347728179292,1452.5307761207102,15.103996697218918,0.8,2.0,-1.2,0.0,0,1,AWAY_WIN
345,WC2026,2025,1,8,1557.9842261543536,1471.2569911091155,86.7272350452381,1.8,1.4,0.40000000000000013,0.5,1,3,AWAY_WIN
357,WC2026,2025,8,14,1491.1699896539294,1480.1090797706884,11.060909883241038,1.4,1.2,0.19999999999999996,0.0,0,3,AWAY_WIN
169,WC2026,2025,8,15,1474.6607879470816,1450.9396459130649,23.721142034016793,1.4,0.8,0.5999999999999999,0.0,3,0,HOME_WIN
15,WC2026,2025,11,13,1448.8324671585965,1451.7439586723203,-2.9114915137238313,0.8,0.8,0.0,0.3333333333333333,5,0,HOME_WIN
34,WC2026,2025,6,3,1511.5827974452102,1628.2939617193292,-116.71116427411903,0.8,2.2,-1.4000000000000001,0.6666666666666667,5,2,HOME_WIN
26,WC2026,2025,12,5,1503.8771815387738,1469.2259030255746,34.65127851319926,1.4,2.0,-0.6000000000000001,0.5,1,3,AWAY_WIN
101,WC2026,2025,8,3,1489.5700832211905,1607.1126554964646,-117.5425722752741,1.4,1.6,-0.20000000000000018,0.5,0,3,AWAY_WIN
390,WC2026,2025,1,11,1538.0712276095396,1464.9665431593403,73.10468445019933,1.8,1.4,0.40000000000000013,0.6666666666666666,7,2,HOME_WIN
466,WC2026,2025,8,11,1478.785635474835,1452.2843192456396,26.50131622919548,1.2,1.2,0.0,0.3333333333333333,5,1,HOME_WIN
405,WC2026,2025,16,11,1457.7876523574382,1437.5023885644682,20.28526379297,1.4,1.2,0.19999999999999996,0.5,4,1,HOME_WIN
381,WC2026,2025,11,1,1422.435499435567,1550.7534515232403,-128.31795208767335,1.2,2.4,-1.2,0.25,3,0,HOME_WIN
490,WC2026,2025,10,7,1545.014722781282,1579.9888426318837,-34.97411985060171,2.0,1.6,0.3999999999999999,0.09999999999999998,1,1,DRAW
358,WC2026,2025,13,5,1435.6098826715765,1486.8163833902588,-51.206500718682264,0.8,2.0,-1.2,0.625,2,4,AWAY_WIN
40,WC2026,2025,10,6,1546.6199222651262,1532.7641036680748,13.855818597051439,1.6,1.4,0.20000000000000018,1.0,2,2,DRAW
214,WC2026,2025,8,3,1493.5675661560065,1617.89710324282,-124.32953708681362,1.8,1.6,0.19999999999999996,0.375,3,1,HOME_WIN
235,WC2026,2025,14,2,1496.6182814775361,1471.10837243697,25.509909040566072,1.8,1.4,0.40000000000000013,0.375,1,1,DRAW
115,WC2026,2025,6,12,1533.4018496332503,1486.2867011740896,47.115148459160764,1.6,0.8,0.8,0.5714285714285714,3,1,HOME_WIN
428,WC2026,2025,1,13,1529.098980460399,1421.9511016183164,107.14787884208249,1.8,0.2,1.6,0.25,3,3,DRAW
487,WC2026,2025,11,2,1444.0899704984083,1472.281040635321,-28.191070136912685,1.2,1.0,0.19999999999999996,0.625,1,1,DRAW
52,WC2026,2025,4,10,1425.191412269899,1545.9821762999507,-120.7907640300516,0.4,1.2,-0.7999999999999999,1.0,4,4,DRAW
203,WC2026,2025,15,1,1436.030350638956,1524.3153400273945,-88.28498938843859,0.2,1.4,-1.2,1.0,2,3,AWAY_WIN
81,WC2026,2025,14,2,1495.4456132791852,1470.985635513575,24.45997776561012,2.0,1.2,0.8,0.4,1,0,HOME_WIN
495,WC2026,2025,11,5,1445.3853756201543,1500.475164443519,-55.08978882336464,0.8,2.6,-1.8,0.75,2,2,DRAW
215,WC2026,2025,1,3,1536.3349692297122,1596.4040132808366,-60.069044051124365,1.4,1.0,0.3999999999999999,0.6666666666666666,2,0,HOME_WIN
340,WC2026,2025,2,16,1456.1102018093893,1472.8545414863395,-16.744339676950176,1.2,1.4,-0.19999999999999996,0.6666666666666666,1,1,DRAW
493,WC2026,2025,8,3,1515.0606561179902,1577.6649690439006,-62.604312925910335,1.8,0.8,1.0,0.5,2,3,AWAY_WIN
19,WC2026,2025,14,7,1510.321046983371,1578.3836431480395,-68.06259616466855,2.6,1.2,1.4000000000000001,0.16666666666666663,0,3,AWAY_WIN
327,WC2026,2025,2,3,1456.880710694504,1590.8127363525473,-133.93202565804336,1.2,1.2,0.0,0.5,1,1,DRAW
192,WC2026,2025,4,12,1430.5402446831283,1472.4432308750456,-41.90298619191731,0.6,0.8,-0.20000000000000007,0.0,2,3,AWAY_WIN
460,WC2026,2025,4,11,1416.4606461883498,1447.901304546188,-31.440658357838174,0.6,1.0,-0.4,1.0,3,2,HOME_WIN
416,WC2026,2025,4,16,1433.9046026093363,1472.0840326012249,-38.17942999188858,1.2,1.6,-0.40000000000000013,0.75,1,1,DRAW
22,WC2026,2025,1,9,1555.0740134666482,1547.0627850155001,8.0112284511481,2.0,2.6,-0.6000000000000001,0.8,3,1,HOME_WIN
430,WC2026,2025,11,5,1430.4573481252014,1497.9592355174852,-67.50188739228383,1.0,2.2,-1.2000000000000002,0.7,4,2,HOME_WIN
180,WC2026,2025,15,3,1424.0107214366383,1584.9333217507865,-160.9226003141482,0.2,1.4,-1.2,0.0,2,0,HOME_WIN
439,WC2026,2025,12,15,1486.5228293698242,1446.9333827937974,39.58944657602683,0.8,0.8,0.0,0.5,3,0,HOME_WIN
97,WC2026,2025,8,11,1501.9128888093435,1449.5273933741535,52.38549543519002,1.8,1.6,0.19999999999999996,0.5,1,2,AWAY_WIN
333,WC2026,2025,1,15,1570.7051481328376,1432.7486942767985,137.95645385603916,2.0,0.6,1.4,0.5,2,0,HOME_WIN
23,WC2026,2025,15,3,1422.7877288685027,1562.0106603936274,-139.22293152512475,0.6,0.8,-0.20000000000000007,0.19999999999999996,1,3,AWAY_WIN
415,WC2026,2025,4,12,1435.6557871113857,1500.707517886823,-65.05173077543736,1.2,1.4,-0.19999999999999996,0.0,3,4,AWAY_WIN
56,WC2026,2025,4,5,1422.6170072426005,1478.8891902685332,-56.27218302593269,1.0,2.0,-1.0,0.75,1,3,AWAY_WIN
295,WC2026,2025,14,13,1497.4159554285648,1426.7347420513208,70.68121337724392,2.0,0.2,1.8,0.25,0,2,AWAY_WIN
339,WC2026,2025,4,5,1409.1860124548537,1492.32018505628,-83.13417260142637,0.8,2.0,-1.2,0.5,2,2,DRAW
392,WC2026,2025,3,12,1571.9216800885847,1513.7462977556083,58.17538233297637,1.4,1.8,-0.40000000000000013,0.8333333333333334,1,3,AWAY_WIN
369,WC2026,2025,13,7,1445.9455590544324,1591.2887347028457,-145.3431756484133,0.8,1.6,-0.8,0.16666666666666663,0,2,AWAY_WIN
154,WC2026,2025,8,11,1483.5185642458805,1467.9217179376164,15.596846308264048,1.2,1.6,-0.40000000000000013,0.4,1,1,DRAW
61,WC2026,2025,13,12,1436.2739382637435,1532.4006131084425,-96.12667484469898,0.8,2.4,-1.5999999999999999,0.375,1,1,DRAW
113,WC2026,2025,11,3,1468.6394971547113,1553.2673647357506,-84.62786758103925,1.6,1.4,0.20000000000000018,0.25,1,2,AWAY_WIN
228,WC2026,2025,7,10,1600.9603554935345,1540.6333438867214,60.32701160681313,2.2,0.8,1.4000000000000001,0.8333333333333334,1,3,AWAY_WIN
455,WC2026,2025,6,9,1547.2453199322943,1531.4316503493108,15.813669582983493,1.6,2.0,-0.3999999999999999,0.5,1,3,AWAY_WIN
406,WC2026,2025,15,10,1412.8767091735454,1559.383918348924,-146.50720917537865,0.6,1.4,-0.7999999999999999,0.5,0,1,AWAY_WIN
231,WC2026,2025,2,3,1462.7601252962647,1565.4453965764556,-102.68527128019082,0.8,1.4,-0.5999999999999999,0.5,3,5,AWAY_WIN
74,WC2026,2025,15,7,1403.250248069768,1582.2097810313319,-178.9595329615638,0.6,1.6,-1.0,0.16666666666666663,6,2,HOME_WIN
469,WC2026,2025,5,15,1488.5631453528808,1426.832635433601,61.73050991927994,1.6,0.6,1.0,1.0,2,0,HOME_WIN
291,WC2026,2025,14,8,1478.2051384254532,1482.8007850287856,-4.595646603332398,1.4,1.4,0.0,1.0,0,2,AWAY_WIN
87,WC2026,2025,1,13,1580.6661135411334,1440.5911343925131,140.0749791486203,2.6,1.0,1.6,0.3333333333333333,3,3,DRAW
70,WC2026,2025,10,15,1569.0103794527013,1413.6458893763377,155.3644900763636,1.8,0.6,1.2000000000000002,0.6666666666666666,4,1,HOME_WIN
276,WC2026,2025,14,6,1462.4167634306898,1530.517576009914,-68.10081257922411,0.8,1.6,-0.8,0.5,1,3,AWAY_WIN
62,WC2026,2025,13,2,1446.7136388336025,1451.3559140983427,-4.642275264740192,1.2,0.6,0.6,0.33333333333333337,5,1,HOME_WIN
161,WC2026,2025,12,15,1528.0834169796728,1404.3590740894795,123.72434289019338,2.6,0.6,2.0,0.6666666666666666,2,2,DRAW
20,WC2026,2025,7,5,1558.627393667499,1501.749891410144,56.87750225735499,1.4,1.6,-0.20000000000000018,1.0,3,2,HOME_WIN
497,WC2026,2025,13,1,1462.9274107885703,1574.543609100044,-111.61619831147368,1.6,2.6,-1.0,0.625,3,4,AWAY_WIN
456,WC2026,2025,14,9,1449.5133659214462,1548.159394271691,-98.64602835024493,0.6,2.0,-1.4,0.5,0,1,AWAY_WIN
18,WC2026,2025,5,1,1488.346046326313,1585.573316549915,-97.22727022360209,1.4,2.6,-1.2000000000000002,0.5,2,4,AWAY_WIN
171,WC2026,2025,7,1,1572.0312387513302,1597.209166511465,-25.177927760134708,1.8,2.6,-0.8,0.0,1,1,DRAW
445,WC2026,2025,9,13,1559.734836489428,1451.8977033386993,107.83713315072873,2.0,1.0,1.0,0.6666666666666666,1,1,DRAW
14,WC2026,2025,16,7,1470.3328480991754,1573.18869971028,-102.85585161110453,1.2,1.4,-0.19999999999999996,0.0,1,2,AWAY_WIN
133,WC2026,2025,15,4,1409.8275641311686,1412.9430521582528,-3.1154880270842114,0.8,1.0,-0.19999999999999996,0.8125,0,2,AWAY_WIN
446,WC2026,2025,7,13,1584.58570452958,1456.7102306538573,127.87547387572272,1.4,1.2,0.19999999999999996,0.875,0,3,AWAY_WIN
225,WC2026,2025,5,4,1476.710196364763,1428.799582477869,47.910613886894,1.4,1.0,0.3999999999999999,0.5,4,1,HOME_WIN
196,WC2026,2025,2,8,1435.142142143375,1498.589160023549,-63.447017880174144,0.4,1.4,-0.9999999999999999,0.16666666666666666,0,4,AWAY_WIN
193,WC2026,2025,6,12,1543.4209735191575,1522.6149269379837,20.80604658117386,2.0,2.2,-0.20000000000000018,0.625,0,1,AWAY_WIN
50,WC2026,2025,15,14,1393.9710338115524,1437.9379237037092,-43.966889892156814,0.8,0.0,0.8,1.0,0,1,AWAY_WIN
288,WC2026,2025,9,8,1554.9223091742701,1511.699368898216,43.22294027605403,1.6,1.4,0.20000000000000018,0.25,1,2,AWAY_WIN
106,WC2026,2025,4,11,1414.9920680726152,1456.4614653140063,-41.46939724139111,0.8,1.4,-0.5999999999999999,1.0,3,1,HOME_WIN
103,WC2026,2025,7,1,1562.9490733975474,1596.0517055525152,-33.10263215496775,1.4,2.2,-0.8000000000000003,0.25,2,1,HOME_WIN
83,WC2026,2025,10,4,1578.2971947395595,1432.8927867831353,145.40440795642417,2.2,1.4,0.8000000000000003,0.16666666666666663,0,4,AWAY_WIN
473,WC2026,2025,13,6,1478.3468617858898,1526.4639633911568,-48.11710160526695,1.6,1.4,0.20000000000000018,0.33333333333333337,8,0,HOME_WIN
249,WC2026,2025,11,10,1438.5607466034862,1555.9664369789023,-117.40569037541604,1.4,2.0,-0.6000000000000001,0.0,2,1,HOME_WIN
260,WC2026,2025,1,12,1578.5318691048024,1539.5719370659845,38.9599320388179,1.6,2.2,-0.6000000000000001,0.5,2,2,DRAW
210,WC2026,2025,14,11,1451.923913003597,1459.7706643004656,-7.846751296868661,0.6,1.4,-0.7999999999999999,0.5,1,2,AWAY_WIN
353,WC2026,2025,8,7,1529.679653254796,1580.4689098452602,-50.78925659046422,2.0,2.0,0.0,0.5,2,0,HOME_WIN
395,WC2026,2025,10,13,1534.756519281923,1496.548677174979,38.20784210694387,1.8,2.0,-0.19999999999999996,0.5,2,1,HOME_WIN
204,WC2026,2025,6,10,1508.2621480020675,1549.0040420389514,-40.74189403688388,1.2,1.8,-0.6000000000000001,0.16666666666666666,3,2,HOME_WIN
49,WC2026,2025,13,3,1482.3011544179506,1576.8496077743775,-94.54845335642699,1.4,1.8,-0.40000000000000013,0.125,3,0,HOME_WIN
412,WC2026,2025,10,1,1531.1363614602094,1576.7451805142352,-45.608819054025844,1.2,1.6,-0.40000000000000013,0.6666666666666667,1,3,AWAY_WIN
168,WC2026,2025,9,8,1536.9420248176903,1548.0020655184403,-11.06004070075005,1.4,2.6,-1.2000000000000002,0.16666666666666663,2,1,HOME_WIN
86,WC2026,2025,10,7,1517.2247429238746,1562.146497581616,-44.9217546577413,0.6,1.4,-0.7999999999999999,0.2857142857142857,1,0,HOME_WIN
85,WC2026,2025,14,11,1436.2852078282297,1475.4093694758328,-39.12416164760316,0.6,1.4,-0.7999999999999999,0.375,2,1,HOME_WIN
32,WC2026,2025,6,8,1526.1298285808095,1531.4929037983875,-5.3630752175779435,1.2,2.4,-1.2,0.4166666666666667,2,2,DRAW
343,WC2026,2025,5,8,1490.517710770017,1531.2459446718642,-40.72823390184726,1.4,2.0,-0.6000000000000001,1.0,3,2,HOME_WIN
245,WC2026,2025,8,5,1513.3788845967565,1508.3847708451246,4.994113751631858,1.4,1.8,-0.40000000000000013,0.0,4,0,HOME_WIN
123,WC2026,2025,13,3,1502.5508800092205,1556.5998821831076,-54.049002173887175,2.0,1.8,0.19999999999999996,0.30000000000000004,3,1,HOME_WIN
156,WC2026,2026,8,11,1529.1489129977551,1457.6152125364379,71.53370046131727,1.4,1.2,0.19999999999999996,0.4166666666666667,7,3,HOME_WIN
102,WC2026,2026,15,13,1379.9850445116647,1521.0200421742666,-141.03499766260188,0.2,2.4,-2.1999999999999997,0.6666666666666667,3,1,HOME_WIN
361,WC2026,2026,7,15,1544.0892255496706,1402.1452459192317,141.9439796304389,1.2,0.8,0.3999999999999999,0.7142857142857143,0,1,AWAY_WIN
197,WC2026,2026,2,7,1422.031933268708,1521.8934050645853,-99.86147179587738,0.4,0.6,-0.19999999999999996,0.3333333333333333,1,2,AWAY_WIN
330,WC2026,2026,9,7,1553.451186537743,1533.417204572672,20.033981965071007,2.0,1.2,0.8,0.19999999999999996,4,2,HOME_WIN
109,WC2026,2026,13,14,1498.8598407666996,1454.0793647676246,44.78047599907495,1.8,1.2,0.6000000000000001,0.8333333333333334,2,0,HOME_WIN
190,WC2026,2026,13,7,1512.808967627935,1518.3387823615278,-5.52981473359273,1.8,0.6,1.2000000000000002,0.30000000000000004,2,1,HOME_WIN
367,WC2026,2026,5,6,1492.614742444126,1526.3767877073328,-33.7620452632068,1.2,1.4,-0.19999999999999996,0.35714285714285715,3,2,HOME_WIN
424,WC2026,2026,3,15,1538.1307200180615,1424.341066404317,113.78965361374458,1.2,1.4,-0.19999999999999996,0.8333333333333334,0,1,AWAY_WIN
442,WC2026,2026,8,9,1541.9004371056994,1568.5296087488873,-26.629171643187874,1.4,2.0,-0.6000000000000001,0.625,2,2,DRAW
418,WC2026,2026,11,1,1444.8636884284936,1590.65679905057,-145.79311062207648,1.2,1.6,-0.40000000000000013,0.4,0,2,AWAY_WIN
148,WC2026,2026,7,8,1502.0841464833193,1543.1243600949765,-41.04021361165724,0.6,1.6,-1.0,0.3333333333333333,3,3,DRAW
267,WC2026,2026,3,1,1517.070171460505,1600.310949986463,-83.24077852595792,1.2,1.6,-0.40000000000000013,0.25,0,0,DRAW
152,WC2026,2026,9,8,1567.3056857596102,1541.243129947821,26.062555811789252,1.6,1.6,0.0,0.4,1,0,HOME_WIN
313,WC2026,2026,13,9,1529.0636035061436,1582.1077069200687,-53.044103413925086,2.4,2.0,0.3999999999999999,0.375,1,1,DRAW
421,WC2026,2026,6,10,1508.8268636283044,1535.28201495582,-26.455151327515523,0.8,1.2,-0.3999999999999999,0.375,2,1,HOME_WIN
76,WC2026,2026,8,1,1526.4411087873625,1596.5492719271485,-70.10816313978603,1.6,1.6,0.0,0.6,1,0,HOME_WIN
16,WC2026,2026,12,4,1541.3586256565516,1455.2235445437925,86.13508111275905,1.8,2.0,-0.19999999999999996,1.0,1,2,AWAY_WIN
437,WC2026,2026,12,11,1521.4712764528613,1435.2095374926007,86.26173896026057,1.2,1.2,0.0,0.25,0,2,AWAY_WIN
250,WC2026,2026,16,12,1458.9358432798754,1501.5784392323328,-42.64259595245744,1.2,1.0,0.19999999999999996,0.5,2,1,HOME_WIN
434,WC2026,2026,7,10,1503.9653766304748,1518.0660593092034,-14.100682678728617,0.8,1.2,-0.3999999999999999,0.625,4,3,HOME_WIN
491,WC2026,2026,4,15,1475.1108937474828,1445.4016149618735,29.709278785609285,2.4,1.8,0.5999999999999999,0.2777777777777778,2,0,HOME_WIN
198,WC2026,2026,7,8,1520.6143807698213,1545.626590235075,-25.01220946525359,1.4,1.6,-0.20000000000000018,0.375,0,3,AWAY_WIN
324,WC2026,2026,11,14,1455.1023747131292,1440.130237906389,14.972136806740082,1.2,1.2,0.0,0.5,2,1,HOME_WIN
147,WC2026,2026,15,1,1430.766452870805,1577.3637904794361,-146.59733760863105,1.8,1.6,0.19999999999999996,0.33333333333333337,0,3,AWAY_WIN
256,WC2026,2026,6,11,1526.042819274921,1470.4133088186384,55.62951045628256,1.4,1.2,0.19999999999999996,1.0,1,0,HOME_WIN
355,WC2026,2026,7,2,1505.764249796114,1410.5081337606211,95.25611603549282,0.8,0.2,0.6000000000000001,0.75,0,0,DRAW
394,WC2026,2026,3,1,1520.8318495198193,1586.9867599871193,-66.15491046729994,0.8,2.0,-1.2,0.30000000000000004,3,3,DRAW
191,WC2026,2026,12,14,1483.6244767379442,1424.8193038008799,58.8051729370643,0.8,1.2,-0.3999999999999999,1.0,1,2,AWAY_WIN
125,WC2026,2026,10,6,1501.417055169857,1539.5026557597982,-38.08560058994135,0.6,2.0,-1.4,0.5,0,4,AWAY_WIN
60,WC2026,2026,8,16,1560.4767212087822,1476.889805774264,83.58691543451823,1.6,1.6,0.0,1.0,5,0,HOME_WIN
149,WC2026,2026,5,3,1510.1646665231544,1523.8421037965811,-13.677437273426676,1.8,0.4,1.4,0.16666666666666663,1,1,DRAW
398,WC2026,2026,8,9,1572.6999875702556,1579.6837399842045,-6.983752413948878,2.0,2.2,-0.20000000000000018,0.5,2,0,HOME_WIN
179,WC2026,2026,16,9,1464.6665394127906,1563.3621696085754,-98.69563019578482,1.0,1.6,-0.6000000000000001,1.0,5,3,HOME_WIN
131,WC2026,2026,5,4,1510.7942106088726,1489.7460558385512,21.04815477032139,2.0,2.4,-0.3999999999999999,0.6,1,1,DRAW
297,WC2026,2026,13,9,1531.4875704420078,1542.9355023402518,-11.44793189824395,2.0,1.0,1.0,0.4,1,4,AWAY_WIN
2,WC2026,2026,11,8,1456.953472333761,1589.0215579458848,-132.0680856121237,1.2,2.4,-1.2,0.5,2,2,DRAW
65,WC2026,2026,14,15,1443.5018153817516,1421.143483363122,22.358332018629653,1.2,1.8,-0.6000000000000001,0.25,2,2,DRAW
78,WC2026,2026,16,15,1485.0932066811142,1422.171703626711,62.921503054403274,1.4,1.4,0.0,1.0,1,2,AWAY_WIN
492,WC2026,2026,2,15,1414.7881329244683,1441.038076968557,-26.249944044088807,0.2,1.4,-1.2,0.3333333333333333,2,2,DRAW
